{
    "$persistence_header": {
        "bfbs": "./bfbs/cfg.bfbs",
        "version": "0.0.2"
    },
    "$schema": "./types/cfg_schema.json",
    "function": {
        "ignoreAxisProfiles": false
    },
    "pcs": {
        "groups": [],
        "sets": []
    },
    "rtInputs": {
        "doubleArraySize": 10,
        "int64ArraySize": 0
    },
    "safeAreas": {
        "safeAreas": [
            {
                "box": [
                    {
                        "active": true,
                        "max": 300.0,
                        "min": 200.0,
                        "unit": "mm"
                    },
                    {
                        "active": true,
                        "max": 1000.0,
                        "min": 200.0,
                        "unit": "mm"
                    },
                    {
                        "active": true,
                        "max": 600.0,
                        "min": 200.0,
                        "unit": "mm"
                    }
                ],
                "coordSystem": "MCS",
                "name": "Machine_1",
                "type": "SAFE_AREA"
            },
            {
                "box": [
                    {
                        "active": true,
                        "max": 600.0,
                        "min": 500.0,
                        "unit": "mm"
                    },
                    {
                        "active": true,
                        "max": 1000.0,
                        "min": 200.0,
                        "unit": "mm"
                    },
                    {
                        "active": true,
                        "max": 600.0,
                        "min": 200.0,
                        "unit": "mm"
                    }
                ],
                "coordSystem": "MCS",
                "name": "Machine_2",
                "type": "SAFE_AREA"
            },
            {
                "box": [
                    {
                        "active": true,
                        "max": 600.0,
                        "min": 200.0,
                        "unit": "mm"
                    },
                    {
                        "active": true,
                        "max": 1000.0,
                        "min": 200.0,
                        "unit": "mm"
                    },
                    {
                        "active": true,
                        "max": 600.0,
                        "min": 500.0,
                        "unit": "mm"
                    }
                ],
                "coordSystem": "MCS",
                "name": "Machine_3",
                "type": "SAFE_AREA"
            },
            {
                "box": [
                    {
                        "active": true,
                        "max": 600.0,
                        "min": 200.0,
                        "unit": "mm"
                    },
                    {
                        "active": true,
                        "max": 1000.0,
                        "min": 200.0,
                        "unit": "mm"
                    },
                    {
                        "active": true,
                        "max": 300.0,
                        "min": 200.0,
                        "unit": "mm"
                    }
                ],
                "coordSystem": "MCS",
                "name": "Machine_4",
                "type": "SAFE_AREA"
            },
            {
                "box": [
                    {
                        "active": true,
                        "max": 600.0,
                        "min": 200.0,
                        "unit": "mm"
                    },
                    {
                        "active": true,
                        "max": 1000.0,
                        "min": 250.0,
                        "unit": "mm"
                    },
                    {
                        "active": true,
                        "max": 600.0,
                        "min": 200.0,
                        "unit": "mm"
                    }
                ],
                "coordSystem": "MCS",
                "name": "Machine_Closed",
                "type": "SAFE_AREA"
            },
            {
                "box": [
                    {
                        "active": true,
                        "max": 600.0,
                        "min": 200.0,
                        "unit": "mm"
                    },
                    {
                        "active": true,
                        "max": 1000.0,
                        "min": 300.0,
                        "unit": "mm"
                    },
                    {
                        "active": true,
                        "max": 600.0,
                        "min": 200.0,
                        "unit": "mm"
                    }
                ],
                "coordSystem": "MCS",
                "name": "Machine_Opened",
                "type": "SAFE_AREA"
            }
        ]
    }
}