{
    "uiType": "cx-button",
    "version": "1.0.0",
    "variant": null,
    "options": [],
    "designer": {
        "info": {
            "category": "cxWidgets",
            "label": "cx-button",
            "icon-src": "pkg://cxVisuals/icons/cx-button.svg",
            "icon-class": null,
            "nolist": false
        },
        "categories": [
            {
                "name": "Referential",
                "label": "${ReferentialAttributes}",
                "patterns": [
                    {
                        "name": "INPUT_STRING",
                        "slots": [
                            "name"
                        ],
                        "options": {
                            "label": "${designer.control.control-name}",
                            "validator": "validators.general.controlName"
                        }
                    },
                    {
                        "name": "INPUT_FILE_REFERENCE",
                        "slots": [
                            "template"
                        ],
                        "options": {
                            "label": "${designer.control.functionalTemplate}",
                            "base-path": "templates/",
                            "extensions": [
                                "html"
                            ],
                            "omit-extension": true,
                            "omit-base-path": true
                        }
                    },
                    {
                        "name": "INPUT_CLASSLIST_STRING",
                        "slots": [
                            "class-name"
                        ],
                        "options": {
                            "label": "${designer.control.class-name}",
                            "validator": "validators.general.classList"
                        }
                    }
                ]
            },
            {
                "name": "Data",
                "label": "${DataAttributes}",
                "patterns": [
                    {
                        "name": "SELECT_OPTION",
                        "slots": [
                            "btnType"
                        ],
                        "options": {
                            "label": "Button type",
                            "options": [
                                {
                                    "label": "Set",
                                    "value": "set"
                                },
                                {
                                    "label": "On-Off",
                                    "value": "on-off"
                                },
                                {
                                    "label": "Toggle",
                                    "value": "toggle"
                                }
                            ]
                        }
                    },
                    {
                        "name": "INPUT_CONNECT_DATA_REFERENCE",
                        "slots": [
                            "itemCtrl"
                        ],
                        "options": {
                            "label": "Item Ctrl (set,on-off,toggle)"
                        }
                    },
                    {
                        "name": "INPUT_CONNECT_DATA_REFERENCE",
                        "slots": [
                            "itemStatus"
                        ],
                        "options": {
                            "label": "Item Status  (set,toggle)"
                        }
                    },
                    {
                        "name": "INPUT_STRING",
                        "slots": [
                            "valueOn"
                        ],
                        "options": {
                            "label": "Value (NUMBER,STRING ''=empty string) (set,on-off,toggle)",
                            "title": "myTooltip",
                            "_validator": "validators.general.string"
                        }
                    },
                    {
                        "name": "INPUT_STRING",
                        "slots": [
                            "valueOff"
                        ],
                        "options": {
                            "label": "Value Off (NUMBER,STRING ''=empty string) (on-off,toggle)",
                            "_validator": "validators.general.string"
                        }
                    }
                ]
            },
            {
                "name": "Appereance",
                "label": "Appereance",
                "toggleModule": null,
                "patterns": [
                    {
                        "name": "AUTO_OR_INPUT_LOCALIZED_STRING",
                        "slots": [
                            "auto-label",
                            "labelOn"
                        ],
                        "options": {
                            "label": "Label"
                        }
                    },
                    {
                        "name": "AUTO_OR_INPUT_LOCALIZED_STRING",
                        "slots": [
                            "auto-label",
                            "labelOff"
                        ],
                        "options": {
                            "label": "Label Off"
                        }
                    },
                    {
                        "name": "SELECT_OPTION",
                        "slots": [
                            "imgPosition"
                        ],
                        "options": {
                            "label": "Image position",
                            "options": [
                                {
                                    "label": "Hide",
                                    "value": "hide"
                                },
                                {
                                    "label": "Left",
                                    "value": "left"
                                },
                                {
                                    "label": "Right",
                                    "value": "right"
                                },
                                {
                                    "label": "Top",
                                    "value": "top"
                                },
                                {
                                    "label": "Bottom",
                                    "value": "bottom"
                                }
                            ]
                        }
                    },
                    {
                        "name": "IMAGE_SELECTION_AND_UPLOAD",
                        "slots": [
                            "imgUrlOn",
                            "imgTitleOn"
                        ],
                        "options": {
                            "label": "Image"
                        }
                    },
                    {
                        "name": "IMAGE_SELECTION_AND_UPLOAD",
                        "slots": [
                            "imgUrlOff",
                            "imgTitleOff"
                        ],
                        "options": {
                            "label": "Image Off"
                        }
                    }
                ]
            },
            {
                "name": "UIActionClick",
                "label": "UI Actions",
                "toggleModule": null,
                "patterns": [
                    {
                        "name": "UI_ACTION",
                        "slots": [
                            "actionDn"
                        ],
                        "options": {
                            "label": "onPress"
                        }
                    },
                    {
                        "name": "UI_ACTION",
                        "slots": [
                            "actionUp"
                        ],
                        "options": {
                            "label": "onRelease"
                        }
                    },
                    {
                        "name": "UI_ACTION",
                        "slots": [
                            "actionWhile"
                        ],
                        "options": {
                            "label": "onWhilePressed"
                        }
                    },
                    {
                        "name": "INPUT_INTEGER",
                        "slots": [
                            "intervalWhilePressed"
                        ],
                        "options": {
                            "label": "onWhilePressed: Trigger Interval",
                            "min": 0,
                            "max": null,
                            "unit": "ms"
                        }
                    }
                ]
            }
        ],
        "defaultConfig": {
            "class-name": "cx-button",
            "template": "custom/controls/cx-button",
            "name": "cx-button",
            "label": "cx-button",
            "btnType": "set",
            "labelOn": " [cx-button]",
            "imgPosition": "hide",
            "valueOn": 1,
            "valueOff": 0,
            "intervalWhilePressed": 500
        },
        "containerProperties": {
            "isContainer": false,
            "hasViews": false,
            "saveContent": false,
            "contentURLOptionName": null
        },
        "cssModifiers": [
            {
                "modifier": "hidden",
                "description": "invisible and removed from layout"
            },
            {
                "modifier": "invisible",
                "description": "invisible, space preserved"
            }
        ],
        "cssSelectors": [
            {
                "comment": "lock icon",
                "selector": ".cxLock"
            },
            {
                "comment": "Div to group button elements. State OFF",
                "selector": ".cxBtnBox"
            },
            {
                "comment": "status LED of button",
                "selector": ".cxBtnBox .cxBtnLed"
            },
            {
                "comment": "div containing label & image",
                "selector": ".cxBtnBox .cxBtnInfo"
            },
            {
                "comment": "label of button",
                "selector": ".cxBtnBox .cxBtnInfo .cxBtnLabel"
            },
            {
                "comment": "image of button",
                "selector": ".cxBtnBox .cxBtnInfo .cxBtnImg"
            },
            {
                "comment": "Div to group button elements. State ON",
                "selector": ".cxBtnBoxOn"
            },
            {
                "comment": "label of button",
                "selector": ".cxBtnBoxOn .cxBtnInfo .cxBtnLabel"
            },
            {
                "comment": "div containing label & image",
                "selector": ".cxBtnBoxOn .cxBtnInfo .cxBtnInfo"
            },
            {
                "comment": "label of button",
                "selector": ".cxBtnBoxOn .cxBtnInfo .cxBtnLabel"
            },
            {
                "comment": "image of button",
                "selector": ".cxBtnBoxOn .cxBtnInfo .cxBtnImg"
            }
        ]
    },
    "locale": {
        "designer": {},
        "app": {}
    },
    "examples": [],
    "links": []
}