{
    "uiType": "cx-dbspy",
    "version": "1.0.0",
    "variant": null,
    "options": [],
    "designer": {
        "info": {
            "category": "cxWidgets",
            "label": "cx-dbspy",
            "icon-src": "pkg://cxVisuals/icons/cx-dbspy.svg",
            "icon-class": null,
            "nolist": false
        },
        "categories": [
            {
                "name": "Referential",
                "label": "${ReferentialAttributes}",
                "patterns": [
                    {
                        "name": "INPUT_STRING",
                        "slots": [
                            "name"
                        ],
                        "options": {
                            "label": "${designer.control.control-name}",
                            "validator": "validators.general.controlName"
                        }
                    },
                    {
                        "name": "INPUT_FILE_REFERENCE",
                        "slots": [
                            "template"
                        ],
                        "options": {
                            "label": "${designer.control.functionalTemplate}",
                            "base-path": "templates/",
                            "extensions": [
                                "html"
                            ],
                            "omit-extension": true,
                            "omit-base-path": true
                        }
                    },
                    {
                        "name": "INPUT_CLASSLIST_STRING",
                        "slots": [
                            "class-name"
                        ],
                        "options": {
                            "label": "${designer.control.class-name}",
                            "validator": "validators.general.classList"
                        }
                    }
                ]
            },
            {
                "name": "Data",
                "label": "${DataAttributes}",
                "patterns": [
                    {
                        "name": "INPUT_CONNECT_DATA_REFERENCE",
                        "slots": [
                            "item"
                        ],
                        "options": {
                            "label": "item (String) to store item names"
                        }
                    },
                    {
                        "name": "SELECT_OPTION",
                        "slots": [
                            "separator"
                        ],
                        "options": {
                            "label": "Seperator",
                            "options": [
                                {
                                    "label": "name\\ttext-list\\n",
                                    "value": "nl-tab"
                                },
                                {
                                    "label": "name=text-list;",
                                    "value": "=;"
                                }
                            ]
                        }
                    }
                ]
            }
        ],
        "defaultConfig": {
            "class-name": "cx-dbspy",
            "template": "custom/controls/cx-dbspy",
            "name": "cx-dbspy",
            "label": "cx-dbspy",
            "separator": "nl-tab",
            "item": null
        },
        "containerProperties": {
            "isContainer": false,
            "hasViews": false,
            "saveContent": false,
            "contentURLOptionName": null
        },
        "cssModifiers": [
            {
                "modifier": "bigHeight",
                "description": "set big cell heigth, selectable on touch"
            },
            {
                "modifier": "fullWidth",
                "description": "set table width=100%"
            },
            {
                "modifier": "hidden",
                "description": "invisible and removed from layout"
            },
            {
                "modifier": "invisible",
                "description": "invisible, space preserved"
            }
        ],
        "cssSelectors": [
            {
                "comment": "You can place example css code\nin the comment for easy adaption",
                "selector": ".set-selector-to-widget-needs"
            },
            {
                "comment": "You can place example css code\nin the comment for easy adaption",
                "selector": ".set-selector-to-widget-needs .test"
            }
        ]
    },
    "locale": {
        "designer": {},
        "app": {}
    },
    "examples": [],
    "links": []
}