{
    "uiType": "cx-inputX",
    "version": "1.0.0",
    "variant": null,
    "options": [],
    "designer": {
        "info": {
            "category": "cxWidgets",
            "label": "cx-inputX",
            "icon-src": "pkg://cxVisuals/icons/cx-inputX.svg",
            "icon-class": null,
            "nolist": false
        },
        "categories": [
            {
                "name": "Referential",
                "label": "${ReferentialAttributes}",
                "patterns": [
                    {
                        "name": "INPUT_STRING",
                        "slots": [
                            "name"
                        ],
                        "options": {
                            "label": "${designer.control.control-name}",
                            "validator": "validators.general.controlName"
                        }
                    },
                    {
                        "name": "INPUT_FILE_REFERENCE",
                        "slots": [
                            "template"
                        ],
                        "options": {
                            "label": "${designer.control.functionalTemplate}",
                            "base-path": "templates/",
                            "extensions": [
                                "html"
                            ],
                            "omit-extension": true,
                            "omit-base-path": true
                        }
                    },
                    {
                        "name": "INPUT_CLASSLIST_STRING",
                        "slots": [
                            "class-name"
                        ],
                        "options": {
                            "label": "${designer.control.class-name}",
                            "validator": "validators.general.classList"
                        }
                    }
                ]
            },
            {
                "name": "Data",
                "label": "${DataAttributes}",
                "patterns": [
                    {
                        "name": "INPUT_CONNECT_DATA_REFERENCE",
                        "slots": [
                            "item"
                        ],
                        "options": {
                            "label": "Multiline item (String)"
                        }
                    },
                    {
                        "name": "AUTO_OR_INPUT_LOCALIZED_STRING",
                        "slots": [
                            "auto-label",
                            "label"
                        ],
                        "options": {
                            "label": "${designer.control.label}"
                        }
                    },
                    {
                        "name": "INPUT_CONNECT_DATA_REFERENCE",
                        "slots": [
                            "itemLine"
                        ],
                        "options": {
                            "label": "line no to highlight if locked (INT)"
                        }
                    },
                    {
                        "name": "INPUT_CONNECT_DATA_REFERENCE",
                        "slots": [
                            "itemToggleEditor"
                        ],
                        "options": {
                            "label": "toggle edit mode (INT)"
                        }
                    }
                ]
            },
            {
                "name": "Options",
                "label": "Show buttons",
                "patterns": [
                    {
                        "name": "CHECK_OPTION",
                        "slots": [
                            "btnAdd"
                        ],
                        "options": {
                            "label": "add row"
                        }
                    },
                    {
                        "name": "CHECK_OPTION",
                        "slots": [
                            "btnDel"
                        ],
                        "options": {
                            "label": "delete row"
                        }
                    },
                    {
                        "name": "CHECK_OPTION",
                        "slots": [
                            "btnMvUp"
                        ],
                        "options": {
                            "label": "Move row up"
                        }
                    },
                    {
                        "name": "CHECK_OPTION",
                        "slots": [
                            "btnMvDn"
                        ],
                        "options": {
                            "label": "Move row down"
                        }
                    },
                    {
                        "name": "CHECK_OPTION",
                        "slots": [
                            "btnCopyPaste"
                        ],
                        "options": {
                            "label": "Copy & Paste"
                        }
                    },
                    {
                        "name": "CHECK_OPTION",
                        "slots": [
                            "isUtf8"
                        ],
                        "options": {
                            "label": "is UTF8 string"
                        }
                    }
                ]
            }
        ],
        "defaultConfig": {
            "class-name": "cx-inputX",
            "template": "custom/controls/cx-inputX",
            "name": "cx-inputX",
            "itemCtrl": "SString",
            "btnAdd": true,
            "btnDel": true,
            "btnMvUp": true,
            "btnMvDn": true,
            "btnCopyPaste": true,
            "isUtf8": true,
            "auto-label": false,
            "label": null
        },
        "containerProperties": {
            "isContainer": false,
            "hasViews": false,
            "saveContent": false,
            "contentURLOptionName": null
        },
        "cssModifiers": [
            {
                "modifier": "hidden",
                "description": "invisible and removed from layout"
            },
            {
                "modifier": "invisible",
                "description": "invisible, space preserved"
            },
            {
                "modifier": "bigHeight",
                "description": "big row height for easy touching"
            }
        ],
        "cssSelectors": [
            {
                "comment": "You can place example css code\nin the comment for easy adaption",
                "selector": ".set-selector-to-widget-needs"
            },
            {
                "comment": "You can place example css code\nin the comment for easy adaption",
                "selector": ".set-selector-to-widget-needs .test"
            }
        ]
    },
    "locale": {
        "designer": {},
        "app": {}
    },
    "examples": [],
    "links": []
}