{
    "uiType": "cx-input",
    "version": "1.0.0",
    "variant": null,
    "options": [],
    "designer": {
        "info": {
            "category": "cxWidgets",
            "label": "cx-input",
            "icon-src": "pkg://cxVisuals/icons/cx-input.svg",
            "icon-class": null,
            "nolist": false
        },
        "categories": [
            {
                "name": "Referential",
                "label": "${ReferentialAttributes}",
                "patterns": [
                    {
                        "name": "INPUT_STRING",
                        "slots": [
                            "name"
                        ],
                        "options": {
                            "label": "${designer.control.control-name}",
                            "validator": "validators.general.controlName"
                        }
                    },
                    {
                        "name": "INPUT_FILE_REFERENCE",
                        "slots": [
                            "template"
                        ],
                        "options": {
                            "label": "${designer.control.functionalTemplate}",
                            "base-path": "templates/",
                            "extensions": [
                                "html"
                            ],
                            "omit-extension": true,
                            "omit-base-path": true
                        }
                    },
                    {
                        "name": "INPUT_CLASSLIST_STRING",
                        "slots": [
                            "class-name"
                        ],
                        "options": {
                            "label": "${designer.control.class-name}",
                            "validator": "validators.general.classList"
                        }
                    }
                ]
            },
            {
                "name": "Data",
                "label": "${DataAttributes}",
                "patterns": [
                    {
                        "name": "INPUT_CONNECT_DATA_REFERENCE",
                        "slots": [
                            "item"
                        ],
                        "options": {
                            "label": "${designer.control.item}"
                        }
                    },
                    {
                        "name": "AUTO_OR_INPUT_LOCALIZED_STRING",
                        "slots": [
                            "auto-label",
                            "myLabel"
                        ],
                        "options": {
                            "label": "${designer.control.label}"
                        }
                    },
                    {
                        "name": "AUTO_OR_INPUT_LOCALIZED_STRING",
                        "slots": [
                            "auto-unit",
                            "unit"
                        ],
                        "options": {
                            "label": "${designer.control.unit-text}"
                        }
                    },
                    {
                        "name": "CHECK_OPTION",
                        "slots": [
                            "bIsPassword"
                        ],
                        "options": {
                            "label": "Password",
                            "tooltip": "hidden input for password"
                        }
                    },
                    {
                        "name": "INPUT_LOCALIZED_STRING",
                        "slots": [
                            "title"
                        ],
                        "options": {
                            "label": "Title (tooltip)",
                            "tooltip": "my tooltip 2"
                        }
                    },
                    {
                        "name": "CHECK_OPTION",
                        "slots": [
                            "isUtf8"
                        ],
                        "options": {
                            "label": "is UTF8 string"
                        }
                    }
                ]
            },
            {
                "name": "DataNumeric",
                "label": "Numeric attributes",
                "patterns": [
                    {
                        "name": "INPUT_CONNECT_DATA_REFERENCE",
                        "slots": [
                            "anyMin"
                        ],
                        "options": {
                            "label": "Minimum (empty=auto,number,item)",
                            "tooltip": "- Keep empty to use min. value of item\n- Enter number or\n- Enter item"
                        }
                    },
                    {
                        "name": "INPUT_CONNECT_DATA_REFERENCE",
                        "slots": [
                            "anyMax"
                        ],
                        "options": {
                            "label": "Maximum (empty=auto,number,item) max. text length(String)"
                        }
                    },
                    {
                        "name": "INPUT_CONNECT_DATA_REFERENCE",
                        "slots": [
                            "anyDigits"
                        ],
                        "options": {
                            "label": "Digits of floats (empty=auto,number,item)"
                        }
                    },
                    {
                        "name": "SELECT_OPTION",
                        "slots": [
                            "formatInt"
                        ],
                        "options": {
                            "label": "Format of integer",
                            "options": [
                                {
                                    "label": "decimal",
                                    "value": 10
                                }
                            ]
                        }
                    },
                    {
                        "name": "SELECT_OPTION",
                        "slots": [
                            "stepMode"
                        ],
                        "options": {
                            "label": "Show increase/Decrease buttons",
                            "tooltip": "my tooltip 0\nrow2\nrow3",
                            "options": [
                                {
                                    "label": "hide",
                                    "value": "hide"
                                },
                                {
                                    "label": "+ / -",
                                    "value": "+-"
                                },
                                {
                                    "label": "▲ / ▼",
                                    "value": "upDn"
                                }
                            ]
                        }
                    },
                    {
                        "name": "INPUT_INTEGER",
                        "slots": [
                            "step"
                        ],
                        "options": {
                            "label": "Step (-1=auto, >0 step width)",
                            "tooltip": "- Keep empty to use min. value of item\n- Enter number or\n- Enter item",
                            "min": -1,
                            "max": 10000
                        }
                    }
                ]
            }
        ],
        "defaultConfig": {
            "class-name": "cx-input",
            "template": "custom/controls/cx-input",
            "name": "cx-input",
            "myLabel": "",
            "item": null,
            "bIsPassword": false,
            "anyMin": "",
            "anyMax": "",
            "anyDigits": "",
            "formatInt": 10,
            "stepMode": "hide",
            "step": -1,
            "title": "",
            "isUtf8": false,
            "layoutOptions": {
                "selectBoxClassName": "iq-select-box iq-variant-01 set-select",
                "selectBoxTemplate": "default/iq-select-box.iq-variant-01"
            }
        },
        "containerProperties": {
            "isContainer": false,
            "hasViews": false,
            "saveContent": false,
            "contentURLOptionName": null
        },
        "assetConfig": {
            "options": [
                {
                    "path": "template",
                    "type": "url.template"
                },
                {
                    "path": "layoutOptions.selectBoxTemplate",
                    "type": "url.template"
                }
            ]
        },
        "cssModifiers": [
            {
                "modifier": "labelA",
                "description": "label 100px"
            },
            {
                "modifier": "labelB",
                "description": "label 150px"
            },
            {
                "modifier": "labelC",
                "description": "label 200px"
            },
            {
                "modifier": "labelD",
                "description": "label 250px"
            },
            {
                "modifier": "labelE",
                "description": "label 300px"
            },
            {
                "modifier": "hidden",
                "description": "invisible and removed from layout"
            },
            {
                "modifier": "invisible",
                "description": "invisible, space preserved"
            }
        ],
        "cssSelectors": [
            {
                "comment": "selectors for widget not yet implemented",
                "selector": ""
            }
        ]
    },
    "locale": {
        "designer": {},
        "app": {}
    },
    "examples": [],
    "links": []
}