{
    "uiType": "cx-jog",
    "version": "1.0.0",
    "variant": null,
    "options": [],
    "designer": {
        "info": {
            "category": "cxPlc",
            "label": "cx-jog",
            "icon-src": "pkg://cxVisuals/icons/cx-jog.svg",
            "icon-class": null,
            "nolist": false
        },
        "categories": [
            {
                "name": "Referential",
                "label": "${ReferentialAttributes}",
                "patterns": [
                    {
                        "name": "INPUT_STRING",
                        "slots": [
                            "name"
                        ],
                        "options": {
                            "label": "${designer.control.control-name}",
                            "validator": "validators.general.controlName"
                        }
                    },
                    {
                        "name": "INPUT_FILE_REFERENCE",
                        "slots": [
                            "template"
                        ],
                        "options": {
                            "label": "${designer.control.functionalTemplate}",
                            "base-path": "templates/",
                            "extensions": [
                                "html"
                            ],
                            "omit-extension": true,
                            "omit-base-path": true
                        }
                    },
                    {
                        "name": "INPUT_CLASSLIST_STRING",
                        "slots": [
                            "class-name"
                        ],
                        "options": {
                            "label": "${designer.control.class-name}",
                            "validator": "validators.general.classList"
                        }
                    }
                ]
            },
            {
                "name": "Data",
                "label": "${DataAttributes}",
                "patterns": [
                    {
                        "name": "INPUT_CONNECT_DATA_REFERENCE",
                        "slots": [
                            "itemStruct"
                        ],
                        "options": {
                            "label": "Axis group item (PLC struct HMI_MULTI_AXIS)"
                        }
                    },
                    {
                        "name": "INPUT_CONNECT_DATA_REFERENCE",
                        "slots": [
                            "itemOpMode"
                        ],
                        "options": {
                            "label": "OP Mode item (INT)"
                        }
                    },
                    {
                        "name": "INPUT_CONNECT_DATA_REFERENCE",
                        "slots": [
                            "itemDeadmenSwitch"
                        ],
                        "options": {
                            "label": "Deadman switch (BOOL)"
                        }
                    },
                    {
                        "name": "INPUT_INTEGER",
                        "slots": [
                            "precisionPos"
                        ],
                        "options": {
                            "label": "Position precision (INT)"
                        }
                    },
                    {
                        "name": "INPUT_INTEGER",
                        "slots": [
                            "precisionVel"
                        ],
                        "options": {
                            "label": "Velocity precision (INT)"
                        }
                    }
                ]
            }
        ],
        "defaultConfig": {
            "class-name": "cx-jog",
            "template": "custom/controls/cx-jog",
            "name": "cx-jog",
            "label": "cx-jog",
            "itemStruct": "GVL_BASE.stHMIMultiAxes",
            "itemOpMode": "GVL_BASE.enPlcOpMode",
            "itemDeadmen": "GVL_BASE.bDeadmenSwitch",
            "precisionPos": 2,
            "precisionVel": 2
        },
        "containerProperties": {
            "isContainer": false,
            "hasViews": false,
            "saveContent": false,
            "contentURLOptionName": null
        },
        "cssModifiers": [
            {
                "modifier": "hidden",
                "description": "invisible and removed from layout"
            },
            {
                "modifier": "invisible",
                "description": "invisible, space preserved"
            }
        ],
        "cssSelectors": [
            {
                "comment": "You can place example css code\nin the comment for easy adaption",
                "selector": ".set-selector-to-widget-needs"
            },
            {
                "comment": "You can place example css code\nin the comment for easy adaption",
                "selector": ".set-selector-to-widget-needs .test"
            }
        ]
    },
    "locale": {
        "designer": {},
        "app": {}
    },
    "examples": [],
    "links": []
}