{
    "uiType": "cx-select",
    "version": "1.0.0",
    "variant": null,
    "options": [],
    "designer": {
        "info": {
            "category": "cxWidgets",
            "label": "cx-select",
            "icon-src": "pkg://cxVisuals/icons/cx-select.svg",
            "icon-class": null,
            "nolist": false
        },
        "categories": [
            {
                "name": "Referential",
                "label": "${ReferentialAttributes}",
                "patterns": [
                    {
                        "name": "INPUT_STRING",
                        "slots": [
                            "name"
                        ],
                        "options": {
                            "label": "${designer.control.control-name}",
                            "validator": "validators.general.controlName"
                        }
                    },
                    {
                        "name": "INPUT_FILE_REFERENCE",
                        "slots": [
                            "template"
                        ],
                        "options": {
                            "label": "${designer.control.functionalTemplate}",
                            "base-path": "templates/",
                            "extensions": [
                                "html"
                            ],
                            "omit-extension": true,
                            "omit-base-path": true
                        }
                    },
                    {
                        "name": "INPUT_CLASSLIST_STRING",
                        "slots": [
                            "class-name"
                        ],
                        "options": {
                            "label": "${designer.control.class-name}",
                            "validator": "validators.general.classList"
                        }
                    }
                ]
            },
            {
                "name": "Data",
                "label": "${DataAttributes}",
                "patterns": [
                    {
                        "name": "INPUT_CONNECT_DATA_REFERENCE",
                        "slots": [
                            "item"
                        ],
                        "options": {
                            "label": "${designer.control.item}"
                        }
                    },
                    {
                        "name": "AUTO_OR_INPUT_LOCALIZED_STRING",
                        "slots": [
                            "auto-label",
                            "label"
                        ],
                        "options": {
                            "label": "${designer.control.label}"
                        }
                    },
                    {
                        "name": "INPUT_LOCALIZED_STRING",
                        "slots": [
                            "title"
                        ],
                        "options": {
                            "label": "Title (tooltip)",
                            "tooltip": "my tooltip 2"
                        }
                    },
                    {
                        "name": "SELECT_OPTION",
                        "slots": [
                            "selectType"
                        ],
                        "options": {
                            "label": "Select text list type",
                            "options": [
                                {
                                    "label": "Text list from item",
                                    "value": "tlItem"
                                },
                                {
                                    "label": "Text list name",
                                    "value": "tlName"
                                }
                            ]
                        }
                    },
                    {
                        "name": "INPUT_CONNECT_DATA_REFERENCE",
                        "slots": [
                            "tlItem"
                        ],
                        "options": {
                            "label": "Text list item"
                        }
                    },
                    {
                        "name": "INPUT_STRING",
                        "slots": [
                            "tlName"
                        ],
                        "options": {
                            "label": "Text list name"
                        }
                    }
                ]
            }
        ],
        "defaultConfig": {
            "class-name": "cx-select",
            "template": "custom/controls/cx-select",
            "name": "cx-select",
            "label": "cx-select",
            "item": null,
            "selectType": "tlName",
            "title": "",
            "auto-label": false
        },
        "containerProperties": {
            "isContainer": false,
            "hasViews": false,
            "saveContent": false,
            "contentURLOptionName": null
        },
        "cssModifiers": [
            {
                "modifier": "labelA",
                "description": "label 100px"
            },
            {
                "modifier": "labelB",
                "description": "label 150px"
            },
            {
                "modifier": "labelC",
                "description": "label 200px"
            },
            {
                "modifier": "labelD",
                "description": "label 250px"
            },
            {
                "modifier": "labelE",
                "description": "label 300px"
            },
            {
                "modifier": "hidden",
                "description": "invisible and removed from layout"
            },
            {
                "modifier": "invisible",
                "description": "invisible, space preserved"
            }
        ],
        "cssSelectors": [
            {
                "comment": "You can place example css code\nin the comment for easy adaption",
                "selector": ".set-selector-to-widget-needs"
            },
            {
                "comment": "You can place example css code\nin the comment for easy adaption",
                "selector": ".set-selector-to-widget-needs .test"
            }
        ]
    },
    "locale": {
        "designer": {},
        "app": {}
    },
    "examples": [],
    "links": []
}