{
    "uiType": "cx-table",
    "version": "1.0.0",
    "variant": null,
    "options": [],
    "designer": {
        "info": {
            "category": "cxWidgets",
            "label": "cx-table",
            "icon-src": "pkg://cxVisuals/icons/cx-table.svg",
            "icon-class": null,
            "nolist": false
        },
        "categories": [
            {
                "name": "Referential",
                "label": "${ReferentialAttributes}",
                "patterns": [
                    {
                        "name": "INPUT_STRING",
                        "slots": [
                            "name"
                        ],
                        "options": {
                            "label": "${designer.control.control-name}",
                            "validator": "validators.general.controlName"
                        }
                    },
                    {
                        "name": "INPUT_FILE_REFERENCE",
                        "slots": [
                            "template"
                        ],
                        "options": {
                            "label": "${designer.control.functionalTemplate}",
                            "base-path": "templates/",
                            "extensions": [
                                "html"
                            ],
                            "omit-extension": true,
                            "omit-base-path": true
                        }
                    },
                    {
                        "name": "INPUT_CLASSLIST_STRING",
                        "slots": [
                            "class-name"
                        ],
                        "options": {
                            "label": "${designer.control.class-name}",
                            "validator": "validators.general.classList"
                        }
                    }
                ]
            },
            {
                "name": "TableDataSource",
                "label": "Table data source",
                "patterns": [
                    {
                        "name": "SELECT_OPTION",
                        "slots": [
                            "selectType"
                        ],
                        "options": {
                            "label": "Select type. Controlled by:",
                            "options": [
                                {
                                    "label": "PLC",
                                    "value": "string"
                                },
                                {
                                    "label": "WebIQ. Struct array[x] not released",
                                    "value": "struct[x]"
                                },
                                {
                                    "label": "WebIQ. Struct array.x. not released",
                                    "value": "struct.x."
                                }
                            ]
                        }
                    }
                ]
            },
            {
                "name": "ConfigString",
                "label": "Config Controlled by PLC",
                "patterns": [
                    {
                        "name": "INPUT_CONNECT_DATA_REFERENCE",
                        "slots": [
                            "itemStrStruct"
                        ],
                        "options": {
                            "label": "Structure item (PLC struct ST_TABLE_MANAGER)"
                        }
                    }
                ]
            },
            {
                "name": "ConfigStruct",
                "label": "Config controlled by WebIQ",
                "patterns": [
                    {
                        "name": "INPUT_CONNECT_DATA_REFERENCE",
                        "slots": [
                            "itemStruct"
                        ],
                        "options": {
                            "label": "Array structure item"
                        }
                    },
                    {
                        "name": "INPUT_INTEGER",
                        "slots": [
                            "intIndexMin"
                        ],
                        "options": {
                            "label": "first array index",
                            "min": 0,
                            "max": 999
                        }
                    },
                    {
                        "name": "INPUT_INTEGER",
                        "slots": [
                            "intIndexMax"
                        ],
                        "options": {
                            "label": "last array index",
                            "min": 0,
                            "max": 999
                        }
                    },
                    {
                        "name": "INPUT_STRING",
                        "slots": [
                            "stringMember"
                        ],
                        "options": {
                            "label": "Members of structure e.g. iTest/bTest/sCol"
                        }
                    },
                    {
                        "name": "INPUT_STRING",
                        "slots": [
                            "stringHeader"
                        ],
                        "options": {
                            "label": "Column titles e.g. Col1/Col2/Col3"
                        }
                    },
                    {
                        "name": "INPUT_STRING",
                        "slots": [
                            "stringUnit"
                        ],
                        "options": {
                            "label": "Column units e.g. mm//cm"
                        }
                    },
                    {
                        "name": "INPUT_STRING",
                        "slots": [
                            "stringFilter"
                        ],
                        "options": {
                            "label": "Enable filter +:on -:off e.g. +/-/+"
                        }
                    },
                    {
                        "name": "INPUT_STRING",
                        "slots": [
                            "stringSort"
                        ],
                        "options": {
                            "label": "Sort (s=string,i=int,f=float,b=bool,l=List)"
                        }
                    },
                    {
                        "name": "INPUT_STRING",
                        "slots": [
                            "stringFormat"
                        ],
                        "options": {
                            "label": "Format functions e.g. i2s(val,10,3)/f2s(val,2)"
                        }
                    },
                    {
                        "name": "INPUT_STRING",
                        "slots": [
                            "stringList"
                        ],
                        "options": {
                            "label": "Text list names"
                        }
                    },
                    {
                        "name": "INPUT_STRING",
                        "slots": [
                            "stringWidth"
                        ],
                        "options": {
                            "label": "Cell width in px e.g. 80px/50px/50px"
                        }
                    }
                ]
            }
        ],
        "defaultConfig": {
            "class-name": "cx-table",
            "template": "custom/controls/cx-table",
            "name": "cx-table",
            "itemMsg": null,
            "itemCfg": null,
            "itemData": null,
            "itemStruct": "arPoint",
            "stringMember": "sName/rX/rY/rZ/iEnum/bFlag",
            "selectType": "string",
            "stringHeader": "${myName}/${myX}/${myY}/${myZ}/${myEnum}/${myFlag}",
            "stringUnit": "/mm/mm/mm//",
            "stringSort": "s/f/f/f/l/i",
            "stringFormat": "/f2s(val,2)/f2s(val,2)/f2s(val,2)/txtList(val)/",
            "stringFilter": "+/+/+/+/+",
            "stringWidth": "80px/50px/50px/50px/80px/40px",
            "intIndexMin": 0,
            "intIndexMax": 9
        },
        "containerProperties": {
            "isContainer": false,
            "hasViews": false,
            "saveContent": false,
            "contentURLOptionName": null
        },
        "cssModifiers": [
            {
                "modifier": "alignLeft",
                "description": "left align all cells"
            },
            {
                "modifier": "alignCenter",
                "description": "center align all cells"
            },
            {
                "modifier": "bigHeight",
                "description": "set big cell heigth, selectable on touch"
            },
            {
                "modifier": "fullWidth",
                "description": "set table width=100%"
            },
            {
                "modifier": "disableSort",
                "description": "disable sort function"
            },
            {
                "modifier": "hidden",
                "description": "invisible and removed from layout"
            },
            {
                "modifier": "invisible",
                "description": "invisible, space preserved"
            },
            {
                "modifier": "singleClickEdit",
                "description": "enables edit with single click"
            }
        ],
        "cssSelectors": [
            {
                "comment": "example:\nbackground-coor: lightblue;",
                "selector": ".divWidget"
            },
            {
                "comment": "example:\ntext-align: right;\n",
                "selector": ".divWidget"
            },
            {
                "comment": "example:\nfont-size: 20px;",
                "selector": ".divWidget td,\n.divWidget th"
            },
            {
                "comment": "example:\nfont-size: 20px;",
                "selector": ".divWidget td,\n.divWidget td"
            },
            {
                "comment": "example:\ncolor: red;\nbackground-color: lightred!important;",
                "selector": ".divWidget th"
            },
            {
                "comment": "example:\nbackground: #D0E4F5!important;",
                "selector": ".divWidget tr:nth-child(even)"
            }
        ]
    },
    "locale": {
        "designer": {},
        "app": {}
    },
    "examples": [],
    "links": []
}