{
    "format": 2,
    "name": "cxVisuals",
    "description": "visual widges for ctrlX (e.g. button, table, input, ...). For documentation see 'ctrlX Forum' section 'How-To' article 'WebIQ package cxVisual'",
    "type": "control",
    "version": "1.1.0",
    "build": 47,
    "forceUpdate": false,
    "forceInstall": true,
    "keep": [],
    "requires": {
        "visuals": "^2.12.0",
        "package-cxTools": "^1.1.0"
    },
    "localeVariables": {
        "cxVisuals.filter": {
            "en-GB": "🔎︎"
        },
        "cxVisuals.force": {
            "en-GB": "Force"
        },
        "cxVisuals.forceF": {
            "en-GB": "❆"
        },
        "cxVisuals.forceOn": {
            "en-GB": "On"
        },
        "cxVisuals.forceOff": {
            "en-GB": "Off"
        },
        "cxVisuals.GreateMax": {
            "en-GB": "input too great"
        },
        "cxVisuals.LowerMin": {
            "en-GB": "input too low"
        },
        "cxVisuals.Error": {
            "en-GB": "Error"
        },
        "cxVisuals.InRef": {
            "en-GB": "In Ref."
        },
        "cxVisuals.AhAf": {
            "en-GB": "AH/AF"
        },
        "cxVisuals.Modulo": {
            "en-GB": "Modulo"
        },
        "cxVisuals.velocity": {
            "en-GB": "Velocity"
        },
        "cxVisuals.position": {
            "en-GB": "Position"
        },
        "cxVisuals.jogAbs": {
            "en-GB": "Jog Abs."
        },
        "cxVisuals.jogRel": {
            "en-GB": "Jog Rel."
        },
        "cxVisuals.reference": {
            "en-GB": "Reference"
        },
        "cxVisuals.jogMinus": {
            "en-GB": "Jog -"
        },
        "cxVisuals.jogStop": {
            "en-GB": "Stop"
        },
        "cxVisuals.jogPlus": {
            "en-GB": "Jog +"
        },
        "cxVisuals.jogCont": {
            "en-GB": "Cont."
        },
        "cxVisuals.setRef": {
            "en-GB": "Set Reference"
        },
        "cxVisuals.opAuto": {
            "en-GB": "Run machine"
        },
        "cxVisuals.opManual": {
            "en-GB": "Jog Kinematic"
        },
        "cxVisuals.opSetup": {
            "en-GB": "Jog Axis"
        },
        "cxVisuals.AxLinear": {
            "en-GB": "Linear"
        },
        "cxVisuals.AxRotatory": {
            "en-GB": "Rotatory"
        },
        "cxVisuals.DeadmenSwitchMissing": {
            "en-GB": "Hold deadman switch to enable jogging"
        }
    },
    "localScripts": {}
}