{
    "format": 2,
    "name": "cxPlotly",
    "description": "Bar, line, pie, scatter (oscilloscope) charts",
    "type": "control",
    "version": "1.1.0",
    "build": 14,
    "requires": {
        "visuals": "^2.12.0",
        "package-plotly": "^2.20.0"
    },
    "localScripts": {},
    "localeVariables": {
        "cxPlotly.wait4Plc": {
            "en-GB": "Wait for Plc..."
        },
        "cxPlotly.startRecord": {
            "en-GB": "▶"
        },
        "cxPlotly.wait4trigger": {
            "en-GB": "Wait for oszi trigger"
        },
        "cxPlotly.plcStringTooSmall": {
            "en-GB": "Bug: Plc string is too small to store all data"
        },
        "cxPlotly.lines+markers": {
            "en-GB": "Lines+Markers"
        },
        "cxPlotly.lines": {
            "en-GB": "Lines"
        },
        "cxPlotly.markers": {
            "en-GB": "Markers"
        },
        "cxPlotly.downloadCsv": {
            "en-GB": "Download csv"
        },
        "cxPlotly.graph": {
            "en-GB": "Graph"
        },
        "cxPlotly.table": {
            "en-GB": "Table"
        }
    }
}