{
  "$schema": "https://json-schema.boschrexroth.com/ctrlx-automation/ctrlx-core/solutions/configuration.v1.schema.json",
  "description": "10 Axes 2 Kinematics Textual+Visual demo scripts",
  "device": "VC-V1-20-4",
  "user": "boschrexroth",
  "apps": [
    {
      "name": "bare",
      "version": "1.0"
    },
    {
      "name": "core20",
      "version": "20230622"
    },
    {
      "name": "ctrlx-smarthmi-webiq-runtime",
      "title": "WebIQ Server App (Runtime App)",
      "version": "b72d8b5d+dev"
    },
    {
      "name": "rexroth-3dviewer",
      "title": "3D Viewer",
      "version": "1.20.2",
      "appDirectories": [
        {
          "name": "3dviewer",
          "description": "3D Viewer: Model configuration",
          "icon": "ctrlx-ic-3d-viewer",
          "copyOnLoad": true
        }
      ]
    },
    {
      "name": "rexroth-arch02-engineering",
      "title": "Hardware Support",
      "version": "1.20.1"
    },
    {
      "name": "rexroth-arch02-virtual-kernel",
      "title": "Virtual Kernel",
      "version": "5.10.153-rt76-arch02-16"
    },
    {
      "name": "rexroth-automationcore",
      "title": "Automation Core",
      "version": "1.20.1",
      "appDirectories": [
        {
          "name": "datalayer",
          "description": "Data Layer",
          "icon": "ctrlx-ic-data-layer",
          "copyOnLoad": true
        },
        {
          "name": "scheduler",
          "description": "Scheduler: Tasks, callables and timing settings",
          "icon": "bosch-ic-cycletime-eighth",
          "copyOnLoad": true
        },
        {
          "name": "script",
          "description": "Scripts configurations",
          "icon": "bosch-ic-document-code-stack",
          "copyOnLoad": true
        },
        {
          "name": "scripts",
          "description": "Scripts will be executed by script runner",
          "icon": "bosch-ic-document-code-stack",
          "copyOnLoad": true,
          "writeProtected": false
        },
        {
          "name": "trace",
          "description": "Trace: Enabling states - messages, warnings, errors",
          "icon": "bosch-ic-stethoscope",
          "copyOnLoad": true
        }
      ]
    },
    {
      "name": "rexroth-deviceadmin",
      "title": "Device Admin",
      "version": "1.20.4",
      "appDirectories": [
        {
          "name": "diagnosis",
          "description": "Diagnosis settings",
          "icon": "bosch-ic-stethoscope",
          "copyOnLoad": true
        },
        {
          "name": "remote-logging",
          "description": "Log Management settings",
          "icon": "bosch-ic-stethoscope",
          "copyOnLoad": true,
          "writeProtected": false
        }
      ]
    },
    {
      "name": "rexroth-ide",
      "title": "IDE",
      "version": "1.18.29",
      "appDirectories": [
        {
          "name": "tiger",
          "description": "IDE: created projects",
          "icon": "bosch-ic-development-kit",
          "copyOnLoad": true
        }
      ]
    },
    {
      "name": "rexroth-motion",
      "title": "Motion",
      "version": "1.20.4",
      "appDirectories": [
        {
          "name": "axisprofile",
          "description": "Motion: Axis profile configuration",
          "icon": "bosch-ic-directory",
          "copyOnLoad": true
        },
        {
          "name": "motion",
          "description": "Motion: Axes and kinematics configuration, coordinate systems and areas",
          "icon": "ctrlx-ic-motion",
          "copyOnLoad": true
        }
      ]
    },
    {
      "name": "rexroth-opcua-server",
      "title": "OPC UA Server",
      "version": "1.20.2",
      "appDirectories": [
        {
          "name": "opcuaserver",
          "description": "OPC UA Server: Endpoint configuration, limit values and certificate configuration",
          "icon": "ctrlx-ic-opc-ua",
          "copyOnLoad": true,
          "writeProtected": true
        }
      ]
    },
    {
      "name": "rexroth-plc",
      "title": "PLC",
      "version": "1.20.4",
      "appDirectories": [
        {
          "name": "plc",
          "description": "PLC: Runtime and optional engineering data",
          "icon": "ctrlx-ic-plc",
          "copyOnLoad": true,
          "writeProtected": true
        },
        {
          "name": "plc/run/linux-gcc-aarch64/data",
          "copyOnLoad": true,
          "writeProtected": false
        },
        {
          "name": "plc/run/linux-gcc-x64/data",
          "copyOnLoad": true,
          "writeProtected": false
        }
      ]
    },
    {
      "name": "rexroth-python",
      "title": "Python Runtime",
      "version": "1.20.0"
    },
    {
      "name": "rexroth-setup",
      "title": "Setup",
      "version": "1.20.0"
    },
    {
      "name": "rexroth-solutions",
      "title": "Solutions",
      "version": "1.20.0"
    },
    {
      "name": "snapd",
      "version": "2.59.2"
    }
  ]
}