{
    "uiType": "cx-enum",
    "version": "1.0.0",
    "variant": null,
    "options": [],
    "designer": {
        "info": {
            "category": "cxWidgets",
            "label": "cx-enum",
            "icon-src": "pkg://cxVisuals/icons/cx-enum.svg",
            "icon-class": null,
            "nolist": false
        },
        "categories": [
            {
                "name": "Referential",
                "label": "${ReferentialAttributes}",
                "patterns": [
                    {
                        "name": "INPUT_STRING",
                        "slots": [
                            "name"
                        ],
                        "options": {
                            "label": "${designer.control.control-name}",
                            "validator": "validators.general.controlName"
                        }
                    },
                    {
                        "name": "INPUT_FILE_REFERENCE",
                        "slots": [
                            "template"
                        ],
                        "options": {
                            "label": "${designer.control.functionalTemplate}",
                            "base-path": "templates/",
                            "extensions": [
                                "html"
                            ],
                            "omit-extension": true,
                            "omit-base-path": true
                        }
                    },
                    {
                        "name": "INPUT_CLASSLIST_STRING",
                        "slots": [
                            "class-name"
                        ],
                        "options": {
                            "label": "${designer.control.class-name}",
                            "validator": "validators.general.classList"
                        }
                    }
                ]
            },
            {
                "name": "Data",
                "label": "${DataAttributes}",
                "patterns": [
                    {
                        "name": "INPUT_STRING",
                        "slots": [
                            "stringListName"
                        ],
                        "options": {
                            "label": "List name",
                            "validator": "validators.general.string"
                        }
                    },
                    {
                        "name": "INPUT_MULTILINE_STRING",
                        "slots": [
                            "stringMemberDef"
                        ],
                        "options": {
                            "label": "\"key\" : \"value\"",
                            "validator": "validators.general.string"
                        }
                    },
                    {
                        "name": "INPUT_CLASSLIST_STRING",
                        "slots": [
                            "<CONFIG_PROPERTY_0>"
                        ],
                        "options": {
                            "label": "Class List string"
                        }
                    },
                    {
                        "name": "SELECT_CONTROL_INSTANCE",
                        "slots": [
                            "inXXX"
                        ],
                        "options": {
                            "label": "Select enum instance",
                            "uiType": "cx-enum"
                        }
                    }
                ]
            }
        ],
        "defaultConfig": {
            "class-name": "cx-enum",
            "template": "custom/controls/cx-enum",
            "name": "cx-enum",
            "item": null,

            "auto-label": false,
            "label": "Simple Widget",
            "auto-unit": false,
            "stringMemberDef": "\"0\" : \"OFF\"\n\"1\":\"On\""
        },
        "containerProperties": {
            "isContainer": false,
            "hasViews": false,
            "saveContent": false,
            "contentURLOptionName": null
        },
        "cssModifiers": [
        ],
        "cssSelectors": [
        ]
    },
    "locale": {
        "designer": {},
        "app": {}
    },
    "examples": [],
    "links": []
}