{
    "uiType": "cx-ioForce",
    "version": "1.0.0",
    "variant": null,
    "options": [],
    "designer": {
        "info": {
            "category": "cxPlc",
            "label": "cx-ioForce",
            "icon-src": "pkg://cxVisuals/icons/cx-ioForce.svg",
            "icon-class": null,
            "nolist": false
        },
        "categories": [
            {
                "name": "Referential",
                "label": "${ReferentialAttributes}",
                "patterns": [
                    {
                        "name": "INPUT_STRING",
                        "slots": [
                            "name"
                        ],
                        "options": {
                            "label": "${designer.control.control-name}",
                            "validator": "validators.general.controlName"
                        }
                    },
                    {
                        "name": "INPUT_FILE_REFERENCE",
                        "slots": [
                            "template"
                        ],
                        "options": {
                            "label": "${designer.control.functionalTemplate}",
                            "base-path": "templates/",
                            "extensions": [
                                "html"
                            ],
                            "omit-extension": true,
                            "omit-base-path": true
                        }
                    },
                    {
                        "name": "INPUT_CLASSLIST_STRING",
                        "slots": [
                            "class-name"
                        ],
                        "options": {
                            "label": "${designer.control.class-name}",
                            "validator": "validators.general.classList"
                        }
                    }
                ]
            },
            {
                "name": "Data",
                "label": "${DataAttributes}",
                "patterns": [
                    {
                        "name": "SELECT_OPTION",
                        "slots": [
                            "intByte"
                        ],
                        "options": {
                            "label": "Start byte",
                            "options": [
                                {
                                    "label": "Byte 0 (Bit 0-7)",
                                    "value": 0
                                },
                                {
                                    "label": "Byte 1 (Bit 8-15)",
                                    "value": 1
                                },
                                {
                                    "label": "Byte 2 (Bit 16-23)",
                                    "value": 2
                                },
                                {
                                    "label": "Byte 3 (Bit 24-31)",
                                    "value": 3
                                },
                                {
                                    "label": "Byte 4 (Bit 32-39)",
                                    "value": 4
                                },
                                {
                                    "label": "Byte 5 (Bit 40-47)",
                                    "value": 5
                                },
                                {
                                    "label": "Byte 6 (Bit 48-55)",
                                    "value": 6
                                },
                                {
                                    "label": "Byte 7 (Bit 56-63)",
                                    "value": 7
                                }                                
                            ]
                        }
                    },
                    {
                        "name": "INPUT_CONNECT_DATA_REFERENCE",
                        "slots": [
                            "itemStruct"
                        ],
                        "options": {
                            "label": "IO force item (Plc struct ST_IN_OUT_FORCE_REF)"
                        }
                    }
                ]
            }
        ],
        "defaultConfig": {
            "intByte": 0,
            "itemStruct": "GVL_BASE.stIoForce.0", 
           
            "class-name": "cx-ioForce",
            "template": "custom/controls/cx-ioForce",
            "name": "cx-ioForce"
        },
        "containerProperties": {
            "isContainer": false,
            "hasViews": false,
            "saveContent": false,
            "contentURLOptionName": null
        },
        "cssModifiers": [
            {
                "modifier": "hideForce",
                "description": "hide Force buttons"
            },
            {
                "modifier": "hideIO_verified",
                "description": "hide IO verified buttons"
            },
            {
                "modifier": "hidden",
                "description": "invisible and removed from layout"
            },
            {
                "modifier": "invisible",
                "description": "invisible, space preserved"
            }
        ],
        "cssSelectors": [
            {
                "comment": "You can place example css code\nin the comment for easy adaption",
                "selector": ".set-selector-to-widget-needs"
            },
            {
                "comment": "You can place example css code\nin the comment for easy adaption",
                "selector": ".set-selector-to-widget-needs .test"
            }
        ]
    },
    "locale": {
        "designer": {},
        "app": {}
    },
    "examples": [],
    "links": []
}