{
    "uiType": "cx-table",
    "version": "1.0.0",
    "variant": null,
    "options": [],
    "designer": {
        "info": {
            "category": "cxWidgets",
            "label": "cx-table",
            "icon-src": "pkg://cxVisuals/icons/cx-table.svg",
            "icon-class": null,
            "nolist": false
        },
        "categories": [
            {
                "name": "Referential",
                "label": "${ReferentialAttributes}",
                "patterns": [
                    {
                        "name": "INPUT_STRING",
                        "slots": [
                            "name"
                        ],
                        "options": {
                            "label": "${designer.control.control-name}",
                            "validator": "validators.general.controlName"
                        }
                    },
                    {
                        "name": "INPUT_FILE_REFERENCE",
                        "slots": [
                            "template"
                        ],
                        "options": {
                            "label": "${designer.control.functionalTemplate}",
                            "base-path": "templates/",
                            "extensions": [
                                "html"
                            ],
                            "omit-extension": true,
                            "omit-base-path": true
                        }
                    },
                    {
                        "name": "INPUT_CLASSLIST_STRING",
                        "slots": [
                            "class-name"
                        ],
                        "options": {
                            "label": "${designer.control.class-name}",
                            "validator": "validators.general.classList"
                        }
                    }
                ]
            },
            {
                "name": "TableDataSource",
                "label": "Table data source",
                "patterns": [
                    {
                        "name": "SELECT_OPTION",
                        "slots": [
                            "selectType"
                        ],
                        "options": {
                            "label": "Select type",
                            "options": [
                                {
                                    "label": "String",
                                    "value": "string"
                                },
                                {
                                    "label": "Struct array[x] (not yet implemeted)",
                                    "value": "struct[x]"
                                },
                                {
                                    "label": "Struct array.x. (not yet implemeted)",
                                    "value": "struct.x."
                                }
                            ]
                        }
                    }
                ]
            },
            {
                "name": "ConfigString",
                "label": "Config String",
                "patterns": [
                    {
                        "name": "INPUT_CONNECT_DATA_REFERENCE",
                        "slots": [
                            "itemStrStruct"
                        ],
                        "options": {
                            "label": "Structure item (PLC struct ST_TABLE_MANAGER)"
                        }
                    }
                ]
            },
            {
                "name": "ConfigStruct",
                "label": "Config Struct",
                "patterns": [
                    {
                        "name": "INPUT_CONNECT_DATA_REFERENCE",
                        "slots": [
                            "itemStruct"
                        ],
                        "options": {
                            "label": "Structure item (STRING)"
                        }
                    },
                    {
                        "name": "INPUT_STRING",
                        "slots": [
                            "stringMember"
                        ],
                        "options": {
                            "label": "Members of structure e.g. iTest;bTest;sCol"
                        }
                    },
                    {
                        "name": "INPUT_INTEGER",
                        "slots": [
                            "intIndexMin"
                        ],
                        "options": {
                            "label": "first array index",
                            "min": 0,
                            "max": 999
                        }
                    },
                    {
                        "name": "INPUT_INTEGER",
                        "slots": [
                            "intIndexMax"
                        ],
                        "options": {
                            "label": "last array index",
                            "min": 0,
                            "max": 200
                        }
                    },
                    {
                        "name": "INPUT_STRING",
                        "slots": [
                            "stringHeader"
                        ],
                        "options": {
                            "label": "Column titles (Col1;Col2;Col3)"
                        }
                    },
                    {
                        "name": "INPUT_STRING",
                        "slots": [
                            "stringUnit"
                        ],
                        "options": {
                            "label": "Column units (mm;;cm)"
                        }
                    },
                    {
                        "name": "INPUT_STRING",
                        "slots": [
                            "stringFilter"
                        ],
                        "options": {
                            "label": "Enable filter +:on -:off (+;-;+)"
                        }
                    },
                    {
                        "name": "INPUT_STRING",
                        "slots": [
                            "stringSort"
                        ],
                        "options": {
                            "label": "Sort functions"
                        }
                    },
                    {
                        "name": "INPUT_STRING",
                        "slots": [
                            "stringFormat"
                        ],
                        "options": {
                            "label": "Format functions"
                        }
                    },
                    {
                        "name": "INPUT_STRING",
                        "slots": [
                            "stringList"
                        ],
                        "options": {
                            "label": "Lists (must be defined...)"
                        }
                    }
                ]
            }
        ],
        "defaultConfig": {
            "class-name": "cx-table",
            "template": "custom/controls/cx-table",
            "name": "cx-table",
            "itemMsg": null,
            "itemCfg": null,
            "itemData": null,
            "selectType": "string",
            "stringHeader": "${myInt}/${myFloat}/${myList}/${myString}",
            "stringUnit": "mm/m//",
            "stringSort": "i/f/l/s",
            "stringFormat": "cxt.int2String(val)/cxt.float2String(val,2)/parseList(val)",
            "stringFilter": "+/+/+/-",
            "intIndexMin": 0,
            "intIndexMax": 1
        },
        "containerProperties": {
            "isContainer": false,
            "hasViews": false,
            "saveContent": false,
            "contentURLOptionName": null
        },
        "cssModifiers": [
            {
                "modifier": "alignLeft",
                "description": "left align all cells"
            },
            {
                "modifier": "alignCenter",
                "description": "center align all cells"
            },
            {
                "modifier": "bigHeight",
                "description": "set big cell heigth, selectable on touch"
            },
            {
                "modifier": "fullWidth",
                "description": "set table width=100%"
            },
            {
                "modifier": "disableSort",
                "description": "disable sort function"
            },
            {
                "modifier": "hidden",
                "description": "invisible and removed from layout"
            },
            {
                "modifier": "invisible",
                "description": "invisible, space preserved"
            },
            {
                "modifier": "singleClickEdit",
                "description": "enables edit with single click"
            }
        ],
        "cssSelectors": [
            {
                "comment": "example:\nbackground-coor: lightblue;",
                "selector": ".divWidget"
            },
            {
                "comment": "example:\ntext-align: right;\n",
                "selector": ".divWidget"
            },
            {
                "comment": "example:\nfont-size: 20px;",
                "selector": ".divWidget td,\n.divWidget th"
            },
            {
                "comment": "example:\nfont-size: 20px;",
                "selector": ".divWidget td,\n.divWidget td"
            },
            {
                "comment": "example:\ncolor: red;\nbackground-color: lightred!important;",
                "selector": ".divWidget th"
            },
            {
                "comment": "example:\nbackground: #D0E4F5!important;",
                "selector": ".divWidget tr:nth-child(even)"
            }
        ]
    },
    "locale": {
        "designer": {},
        "app": {}
    },
    "examples": [],
    "links": []
}