{
    "name": "DemoMove",
    "description": "",
    "dependencies": {
        "core": "*",
        "motion": "*",
        "ctrlx": "*"
    },
    "files": [
        "main.blocks",
        "main.ts",
        "README.md",
        "motion-config.json",
        "motion-instances.ts",
        "ctrlx-config.json",
        "ctrlx-instances.ts",
        "pins-config.json",
        "pins-instances.ts",
        "server-config.json",
        "server-instances.ts",
        "server.resources.ts"
    ],
    "yotta": {
        "config": {
            "attach": false,
            "trace": true
        }
    }
}
