{
    "uiType": "cx-chart",
    "version": "1.0.0",
    "variant": null,
    "options": [],
    "designer": {
        "info": {
            "category": "cxGraph",
            "label": "cx-chart",
            "icon-src": "pkg://cx-plotly/icons/cx-chart.svg",
            "icon-class": null,
            "nolist": false
        },
        "categories": [
            {
                "name": "Referential",
                "label": "${ReferentialAttributes}",
                "patterns": [
                    {
                        "name": "INPUT_STRING",
                        "slots": [
                            "name"
                        ],
                        "options": {
                            "label": "${designer.control.control-name}",
                            "validator": "validators.general.controlName"
                        }
                    },
                    {
                        "name": "INPUT_FILE_REFERENCE",
                        "slots": [
                            "template"
                        ],
                        "options": {
                            "label": "${designer.control.functionalTemplate}",
                            "base-path": "templates/",
                            "extensions": [
                                "html"
                            ],
                            "omit-extension": true,
                            "omit-base-path": true
                        }
                    },
                    {
                        "name": "INPUT_CLASSLIST_STRING",
                        "slots": [
                            "class-name"
                        ],
                        "options": {
                            "label": "${designer.control.class-name}",
                            "validator": "validators.general.classList"
                        }
                    }
                ]
            },
            {
                "name": "Data",
                "label": "${DataAttributes}",
                "patterns": [
                    {
                        "name": "SELECT_OPTION",
                        "slots": [
                            "itemType"
                        ],
                        "options": {
                            "label": "Chart type",
                            "options": [
                                {
                                    "label": "Bar",
                                    "value": "bar"
                                },
                                {
                                    "label": "Line",
                                    "value": "line"
                                },
                                {
                                    "label": "Pie",
                                    "value": "pie"
                                }
                            ]
                        }
                    },
                    {
                        "name": "INPUT_LOCALIZED_STRING",
                        "slots": [
                            "chartTitle"
                        ],
                        "options": {
                            "label": "chart Title",
                            "validator": ""
                        }
                    },
                    {
                        "name": "INPUT_CONNECT_DATA_REFERENCE",
                        "slots": [
                            "itemX"
                        ],
                        "options": {
                            "label": "X data item (STRING)"
                        }
                    },
                    {
                        "name": "INPUT_CONNECT_DATA_REFERENCE",
                        "slots": [
                            "itemY"
                        ],
                        "options": {
                            "label": "Y data item (STRING)"
                        }
                    }
                ]
            },
            {
                "name": "Advanced",
                "label": "Advanced",
                "patterns": [
                    {
                        "name": "INPUT_CONNECT_DATA_REFERENCE",
                        "slots": [
                            "itemSetup"
                        ],
                        "options": {
                            "label": "Setup data item (STRING)"
                        }
                    }
                ]
            }
        ],
        "defaultConfig": {
            "class-name": "cx-chart",
            "template": "custom/controls/cx-chart",
            "name": "cxChart"
        },
        "containerProperties": {
            "isContainer": false,
            "hasViews": false,
            "saveContent": false,
            "contentURLOptionName": null
        },
        "cssModifiers": [
            {
                "modifier": "hidden",
                "description": "invisible and removed from layout"
            },
            {
                "modifier": "invisible",
                "description": "invisible, space preserved"
            }
        ]
    },
    "locale": {
        "designer": {},
        "app": {}
    },
    "examples": [],
    "links": []
}