{
    "uiType": "cx-osci",
    "version": "1.0.0",
    "variant": null,
    "options": [],
    "designer": {
        "info": {
            "category": "cxGraph",
            "label": "cx-osci",
            "icon-src": "pkg://cx-plotly/icons/cx-osci.svg",
            "icon-class": null,
            "nolist": false
        },
        "categories": [
            {
                "name": "Referential",
                "label": "${ReferentialAttributes}",
                "patterns": [
                    {
                        "name": "INPUT_STRING",
                        "slots": [
                            "name"
                        ],
                        "options": {
                            "label": "${designer.control.control-name}",
                            "validator": "validators.general.controlName"
                        }
                    },
                    {
                        "name": "INPUT_FILE_REFERENCE",
                        "slots": [
                            "template"
                        ],
                        "options": {
                            "label": "${designer.control.functionalTemplate}",
                            "base-path": "templates/",
                            "extensions": [
                                "html"
                            ],
                            "omit-extension": true,
                            "omit-base-path": true
                        }
                    },
                    {
                        "name": "INPUT_CLASSLIST_STRING",
                        "slots": [
                            "class-name"
                        ],
                        "options": {
                            "label": "${designer.control.class-name}",
                            "validator": "validators.general.classList"
                        }
                    }
                ]
            },
            {
                "name": "Data",
                "label": "${DataAttributes}",
                "toggleModule": null,
                "patterns": [
                    {
                        "name": "INPUT_CONNECT_DATA_REFERENCE",
                        "slots": [
                            "itemOsziMsg"
                        ],
                        "options": {
                            "label": "Message item (STRING)"
                        }
                    },
                    {
                        "name": "INPUT_CONNECT_DATA_REFERENCE",
                        "slots": [
                            "itemX0"
                        ],
                        "options": {
                            "label": "X0 data item (STRING)"
                        }
                    },
                    {
                        "name": "INPUT_CONNECT_DATA_REFERENCE",
                        "slots": [
                            "itemY0"
                        ],
                        "options": {
                            "label": "Y0 data item (STRING)"
                        }
                    },
                    {
                        "name": "INPUT_CONNECT_DATA_REFERENCE",
                        "slots": [
                            "itemX1"
                        ],
                        "options": {
                            "label": "X1 data item (STRING)"
                        }
                    },
                    {
                        "name": "INPUT_CONNECT_DATA_REFERENCE",
                        "slots": [
                            "itemY1"
                        ],
                        "options": {
                            "label": "Y1 data item (STRING)"
                        }
                    },
                    {
                        "name": "INPUT_CONNECT_DATA_REFERENCE",
                        "slots": [
                            "itemX2"
                        ],
                        "options": {
                            "label": "X2 data item (STRING)"
                        }
                    },
                    {
                        "name": "INPUT_CONNECT_DATA_REFERENCE",
                        "slots": [
                            "itemY2"
                        ],
                        "options": {
                            "label": "Y2 data item (STRING)"
                        }
                    },
                    {
                        "name": "INPUT_CONNECT_DATA_REFERENCE",
                        "slots": [
                            "itemX3"
                        ],
                        "options": {
                            "label": "X3 data item (STRING)"
                        }
                    },
                    {
                        "name": "INPUT_CONNECT_DATA_REFERENCE",
                        "slots": [
                            "itemY3"
                        ],
                        "options": {
                            "label": "Y3 data item (STRING)"
                        }
                    },
                    {
                        "name": "INPUT_CONNECT_DATA_REFERENCE",
                        "slots": [
                            "itemX4"
                        ],
                        "options": {
                            "label": "X4 data item (STRING)"
                        }
                    },
                    {
                        "name": "INPUT_CONNECT_DATA_REFERENCE",
                        "slots": [
                            "itemY4"
                        ],
                        "options": {
                            "label": "Y4 data item (STRING)"
                        }
                    },
                    {
                        "name": "INPUT_CONNECT_DATA_REFERENCE",
                        "slots": [
                            "itemSetup"
                        ],
                        "options": {
                            "label": "Plotly setup item (STRING), optional"
                        }
                    }
                ]
            }
        ],
        "defaultConfig": {
            "class-name": "cx-osci",
            "template": "custom/controls/cx-osci",
            "name": "cxOsci"
        },
        "containerProperties": {
            "isContainer": false,
            "hasViews": false,
            "saveContent": false,
            "contentURLOptionName": null
        },
        "cssModifiers": [
            {
                "modifier": "hidden",
                "description": "invisible and removed from layout"
            },
            {
                "modifier": "invisible",
                "description": "invisible, space preserved"
            }
        ]
    },
    "locale": {
        "designer": {},
        "app": {}
    },
    "examples": [],
    "links": []
}