{
"$schema": "https://json-schema.org/draft/2019-09/schema",
"definitions": {
"motion_core_fbtypes_SafeAreaType" : {
"type" : "string",
"enum": ["SAFE_AREA", "WORK_AREA_EXCL", "WORK_AREA_INCL"]
},
"motion_core_fbtypes_RTInputsCfg" : {
"type" : "object",
"description" : "common configuration of real-time inputs",
"properties" : {
"doubleArraySize" : {
"type" : "integer", "minimum" : 0, "maximum" : 4294967295,
"description" : "size of the double array"
},
"int64ArraySize" : {
"type" : "integer", "minimum" : 0, "maximum" : 4294967295,
"description" : "size of the int64 array"
}
},
"additionalProperties" : false
},
"motion_core_fbtypes_SysCfg" : {
"type" : "object",
"description" : "general system configuration",
"properties" : {
"pcs" : {
"$ref" : "#/definitions/motion_core_fbtypes_SysCfgPcsAll",
"description" : "configuration of the product coordinate systems"
},
"function" : {
"$ref" : "#/definitions/motion_core_fbtypes_SysCfgFunction",
"description" : "system function configuration"
},
"internal" : {
"$ref" : "#/definitions/motion_core_fbtypes_SysCfgInternal",
"description" : "internal system configuration"
},
"safeAreas" : {
"$ref" : "#/definitions/motion_core_fbtypes_SysCfgSafeAreaAll",
"description" : "configuration of the safe and work areas"
},
"rtInputs" : {
"$ref" : "#/definitions/motion_core_fbtypes_RTInputsCfg",
"description" : "configuration of the real-time inputs of the kinematics"
}
},
"additionalProperties" : false
},
"motion_core_fbtypes_SysCfgFunction" : {
"type" : "object",
"description" : "system function configuration items",
"properties" : {
"ignoreAxisProfiles" : {
"type" : "boolean",
"description" : "ignore the configured axis profiles in BOOTING?"
}
},
"additionalProperties" : false
},
"motion_core_fbtypes_SysCfgInternal" : {
"type" : "object",
"description" : "internal system configuration items",
"properties" : {
"save" : {
"type" : "boolean",
"description" : "save the internal system configuration items also, when saving the system config to file?"
},
"useIpoIVAJ" : {
"type" : "boolean",
"description" : "use the new ipo IVAJ?"
},
"timeMeasurement" : {
"type" : "boolean",
"description" : "enable time measurement?"
},
"driveResetTimeout" : {
"type" : "number",
"description" : "Change the timeout for the drive reset"
}
},
"additionalProperties" : false
},
"motion_core_fbtypes_SysCfgPcsAll" : {
"type" : "object",
"description" : "configuration of the product coordinate system of this kinematics",
"properties" : {
"sets" : {
"type" : "array", "items" : {"$ref" : "#/definitions/motion_core_fbtypes_SysCfgPcsSet"},
"description" : "vector of all configured PCS sets"
},
"groups" : {
"type" : "array", "items" : {"$ref" : "#/definitions/motion_core_fbtypes_SysCfgPcsGroup"},
"description" : "vector of all configured PCS groups"
}
},
"additionalProperties" : false
},
"motion_core_fbtypes_SysCfgPcsGroup" : {
"type" : "object",
"description" : "configuration of a single group of sets for a product coordinate system",
"properties" : {
"groupName" : {
"type" : "string",
"description" : "name of the group (required for load/save)"
},
"sets" : {
"type" : "array", "items" : {"type" : "string"},
"description" : "vector of PCS sets in this group (sequence matters!)"
}
},
"required" : ["groupName"],
"additionalProperties" : false
},
"motion_core_fbtypes_SysCfgPcsSet" : {
"type" : "object",
"description" : "configuration of a single set for the product coordiate system of a kinematics",
"properties" : {
"setName" : {
"type" : "string",
"description" : "name of the set (required for load/save)"
},
"offsetXYZ" : {
"type" : "array", "items" : {"type" : "number"},
"description" : "XYZ offsets (must be exactly three values)"
},
"orientation" : {
"type" : "array", "items" : {"type" : "number"},
"description" : "rotation offsets as Euler angles ZY'Z'' (must be exactly three values)"
},
"offsetAux" : {
"type" : "array", "items" : {"type" : "number"},
"description" : "offsets for auxilary axes (must be exactly 10 values)"
},
"relativeToPCS" : {
"type" : "boolean",
"description" : "is this set relative to an other pcs set?"
},
"offsetXYZUnits" : {
"type" : "array", "items" : {"type" : "string"},
"description" : "Units for XYZ offsets (must be exactly three values)"
},
"orientationUnits" : {
"type" : "array", "items" : {"type" : "string"},
"description" : "Units for rotation offsets (must be exactly three values)"
},
"offsetAuxUnits" : {
"type" : "array", "items" : {"type" : "string"},
"description" : "Units for offsets for auxilary axes (must be exactly 10 values)"
}
},
"required" : ["setName"],
"additionalProperties" : false
},
"motion_core_fbtypes_SysCfgSafeArea" : {
"type" : "object",
"description" : "configuration of a single safe area or work area",
"properties" : {
"name" : {
"type" : "string",
"description" : "name of the safe area (filled when reading; optional for writing [content is always ignored])"
},
"coordSystem" : {
"type" : "string",
"description" : "coordinate system of the safe area (default is \"MCS\")"
},
"type" : {
"$ref" : "#/definitions/motion_core_fbtypes_SafeAreaType",
"description" : "type of the safe area (default is \"safe area\")"
},
"box" : {
"type" : "array", "items" : {"$ref" : "#/definitions/motion_core_fbtypes_SysCfgSafeAreaBox"},
"description" : "box data, that defines the borders of the safe area; should be exactly 16 (for ACS) or 3 for (MCS, WCS and PCS)"
}
},
"additionalProperties" : false
},
"motion_core_fbtypes_SysCfgSafeAreaAll" : {
"type" : "object",
"description" : "configuration of all safe areas and work areas for the whole motion system",
"properties" : {
"safeAreas" : {
"type" : "array", "items" : {"$ref" : "#/definitions/motion_core_fbtypes_SysCfgSafeArea"},
"description" : "vector of all configured safe areas"
}
},
"additionalProperties" : false
},
"motion_core_fbtypes_SysCfgSafeAreaBox" : {
"type" : "object",
"description" : "configuration of the limits in a single dimension of the box of a single safe area",
"properties" : {
"min" : {
"type" : "number",
"description" : "minimum limit in this dimension of the box"
},
"max" : {
"type" : "number",
"description" : "maximum limit in this dimension of the box"
},
"unit" : {
"type" : "string",
"description" : "unit of min and max as configured"
},
"active" : {
"type" : "boolean",
"description" : "should this dimension being checked?"
}
},
"additionalProperties" : false
}
},
"$ref" : "#/definitions/motion_core_fbtypes_SysCfg"
}
