{
    "$persistence_header": {
        "bfbs": "./bfbs/cfg.bfbs",
        "version": "0.0.2"
    },
    "$schema": "./types/cfg_schema.json",
    "axisProfileName": "",
    "devErrReaction": {
        "estopSettings": {
            "estopToDevCriticalErr": "ESTOP_AXIS_LIMIT",
            "estopToDevFatalErr": "ESTOP_AXIS_LIMIT",
            "estopToDevLightErr": "ESTOP_AXIS_LIMIT",
            "estopToFieldbusErr": "ESTOP_AXIS_LIMIT",
            "estopToNoDevErr": "ESTOP_AXIS_LIMIT",
            "estopToNoDeviceInfo": "ESTOP_AXIS_LIMIT"
        },
        "userEstopLim": {
            "dec": 0.03490658504,
            "decUnit": "rad/s^2",
            "jrkDec": 0.0,
            "jrkDecUnit": "rad/s^3"
        }
    },
    "functions": {
        "coupling": {
            "gantry": {
                "isMember": false,
                "moveAllowed": false,
                "multiBrakeDyn": false
            },
            "syncmotion": {
                "dynSynchronisation": {
                    "limits": {
                        "acc": 0.0,
                        "dec": 0.0,
                        "jrkAcc": 0.0,
                        "jrkDec": 0.0,
                        "velNeg": 0.0,
                        "velPos": 0.0
                    }
                },
                "errorReaction": {
                    "slaveLimitsExceeded": {
                        "diagnosis": "WARNING",
                        "type": "TRY_TO_RESYNC"
                    }
                }
            }
        }
    },
    "kinProperties": {
        "accReserve": 0.0,
        "jrkReserve": 0.0
    },
    "limits": {
        "acc": 2.0,
        "accUnit": "rad/s^2",
        "dec": 2.0,
        "decUnit": "rad/s^2",
        "jrkAcc": 0.0,
        "jrkAccUnit": "rad/s^3",
        "jrkDec": 0.0,
        "jrkDecUnit": "rad/s^3",
        "posMax": 1000.0,
        "posMaxUnit": "deg",
        "posMin": -1000.0,
        "posMinUnit": "deg",
        "velNeg": 6000.0,
        "velNegUnit": "rpm",
        "velPos": 6000.0,
        "velPosUnit": "rpm"
    },
    "objectType": "Axis",
    "properties": {
        "axsType": "ROTATIONAL",
        "modulo": true,
        "moduloValue": 360.0,
        "moduloValueUnit": "deg"
    },
    "rtInputs": {
        "doubleArraySize": 20,
        "int64ArraySize": 0
    },
    "units": {
        "default": [
            {
                "abbreviation": "deg",
                "valueType": "position+length"
            },
            {
                "abbreviation": "rpm",
                "valueType": "velocity"
            },
            {
                "abbreviation": "rad/s^2",
                "valueType": "acceleration"
            },
            {
                "abbreviation": "rad/s^3",
                "valueType": "jerk"
            },
            {
                "abbreviation": "N",
                "valueType": "force"
            },
            {
                "abbreviation": "Nm",
                "valueType": "torque"
            },
            {
                "abbreviation": "s",
                "valueType": "time"
            }
        ]
    }
}